prob_alagar,classe_binaria_prevista,risco
0.0009608924,0,baixo
0.9818125,1,alto
0.8793592,1,alto
0.02927546,0,baixo
0.39058632,0,medio
0.34992126,0,medio
0.20647673,0,baixo
0.84212124,1,alto
0.066874474,0,baixo
0.966501,1,alto
0.0082626995,0,baixo
0.7864042,1,alto
0.9986261,1,alto
0.11221111,0,baixo
0.99882895,1,alto
0.34505925,0,medio
0.046984196,0,baixo
0.0027179979,0,baixo
0.69921774,1,medio
0.81169295,1,alto
0.86807525,1,alto
0.42606458,0,medio
0.0041476614,0,baixo
0.8661773,1,alto
0.546795,1,medio
0.6543916,1,medio
0.028440775,0,baixo
0.0055979723,0,baixo
0.029766103,0,baixo
0.2086617,0,baixo
0.8859969,1,alto
0.50997996,1,medio
0.5475347,1,medio
0.0011315051,0,baixo
0.31146067,0,medio
0.013260323,0,baixo
0.83054644,1,alto
0.97009015,1,alto
0.48560044,0,medio
0.30726534,0,medio
0.0017575015,0,baixo
0.012276571,0,baixo
0.7340534,1,alto
0.738926,1,alto
0.9610243,1,alto
0.6899205,1,medio
0.0030241264,0,baixo
0.9831722,1,alto
0.042264782,0,baixo
0.9821859,1,alto
0.9397463,1,alto
0.058560632,0,baixo
0.99144816,1,alto
0.86685735,1,alto
0.8329772,1,alto
0.9925408,1,alto
0.002391153,0,baixo
0.37151158,0,medio
0.9762319,1,alto
0.009950957,0,baixo
0.97929335,1,alto
0.5461863,1,medio
0.70472986,1,alto
0.9988778,1,alto
0.93343806,1,alto
0.9592011,1,alto
0.035214197,0,baixo
0.057551872,0,baixo
0.88907635,1,alto
0.008608879,0,baixo
0.5531238,1,medio
0.8123073,1,alto
0.9372767,1,alto
0.00074016274,0,baixo
0.8712819,1,alto
0.006425566,0,baixo
0.099861115,0,baixo
0.18386911,0,baixo
0.99711156,1,alto
0.9666013,1,alto
0.9841017,1,alto
0.054581437,0,baixo
0.9960615,1,alto
0.24844211,0,baixo
0.01735986,0,baixo
0.99221945,1,alto
0.15178502,0,baixo
0.0021995835,0,baixo
0.016440162,0,baixo
0.9877263,1,alto
0.061109167,0,baixo
0.12159811,0,baixo
0.9959649,1,alto
0.97207314,1,alto
0.9954496,1,alto
0.9898185,1,alto
0.91276443,1,alto
0.9953631,1,alto
0.89317226,1,alto
0.008426701,0,baixo
0.016434427,0,baixo
0.8912325,1,alto
0.0012980581,0,baixo
0.0003472733,0,baixo
0.0028914432,0,baixo
0.40723643,0,medio
0.7656671,1,alto
0.95138013,1,alto
0.0061928667,0,baixo
0.9779468,1,alto
0.33604893,0,medio
0.8929574,1,alto
0.94621897,1,alto
0.99453294,1,alto
0.0011853775,0,baixo
0.8973634,1,alto
0.0143751595,0,baixo
0.62361497,1,medio
0.021230992,0,baixo
0.009926104,0,baixo
0.95122266,1,alto
0.011011016,0,baixo
0.5825627,1,medio
0.15423526,0,baixo
0.93846184,1,alto
0.0008788355,0,baixo
0.19200653,0,baixo
0.0022627446,0,baixo
0.95364904,1,alto
0.3929717,0,medio
0.00041103814,0,baixo
0.99596834,1,alto
0.9885385,1,alto
0.99963284,1,alto
0.3291294,0,medio
0.15067267,0,baixo
0.9982175,1,alto
0.06466264,0,baixo
0.962155,1,alto
0.70391375,1,alto
0.9392236,1,alto
0.66150415,1,medio
0.9784823,1,alto
0.047779243,0,baixo
0.101775125,0,baixo
0.070907,0,baixo
0.545172,1,medio
0.018408949,0,baixo
0.0015241092,0,baixo
0.9172147,1,alto
0.027794804,0,baixo
0.9203029,1,alto
0.048189566,0,baixo
0.9046471,1,alto
0.94671494,1,alto
0.12403494,0,baixo
0.004029243,0,baixo
0.95606554,1,alto
0.020845104,0,baixo
0.9988875,1,alto
0.9932788,1,alto
0.12601455,0,baixo
0.8929941,1,alto
0.41499949,0,medio
0.9942674,1,alto
0.9500702,1,alto
0.9876346,1,alto
0.90304327,1,alto
0.015583955,0,baixo
0.9493508,1,alto
0.5845594,1,medio
0.030155262,0,baixo
0.0067845024,0,baixo
0.0014802318,0,baixo
0.9795419,1,alto
0.0030937395,0,baixo
0.99345124,1,alto
0.026469048,0,baixo
0.6806073,1,medio
0.97987086,1,alto
0.0012694679,0,baixo
0.00134387,0,baixo
0.9986701,1,alto
0.78525025,1,alto
0.2514548,0,baixo
0.8622795,1,alto
0.8964536,1,alto
0.8815824,1,alto
0.9913306,1,alto
0.76128197,1,alto
0.754048,1,alto
0.0006569182,0,baixo
0.7787275,1,alto
0.00094178563,0,baixo
0.99130064,1,alto
0.84359944,1,alto
0.49351075,0,medio
0.8904953,1,alto
0.9862984,1,alto
0.0032042009,0,baixo
0.99314207,1,alto
0.90578365,1,alto
0.060060937,0,baixo
0.9665381,1,alto
0.0005982145,0,baixo
0.00095049036,0,baixo
0.003531895,0,baixo
0.9401004,1,alto
0.0023959489,0,baixo
0.97946966,1,alto
0.0015515996,0,baixo
0.34497064,0,medio
0.8456471,1,alto
0.0044297026,0,baixo
0.13013853,0,baixo
0.993188,1,alto
0.81785923,1,alto
0.09369333,0,baixo
0.99734193,1,alto
0.19105855,0,baixo
0.5854038,1,medio
0.001857182,0,baixo
0.9467147,1,alto
0.017465554,0,baixo
0.45235732,0,medio
0.9977476,1,alto
0.00046225995,0,baixo
0.9755112,1,alto
0.9434955,1,alto
0.9981494,1,alto
0.974005,1,alto
0.9993678,1,alto
0.9073217,1,alto
0.00039266175,0,baixo
0.98731494,1,alto
0.0027298685,0,baixo
0.99272305,1,alto
0.99843806,1,alto
0.99872655,1,alto
0.67941946,1,medio
0.9460881,1,alto
0.0020516678,0,baixo
0.0029445132,0,baixo
0.046167675,0,baixo
0.7182149,1,alto
0.3715344,0,medio
0.0025740615,0,baixo
0.9838584,1,alto
0.70806706,1,alto
0.029306926,0,baixo
0.33485186,0,medio
0.99810153,1,alto
0.87313753,1,alto
0.9727746,1,alto
0.12937136,0,baixo
0.9888176,1,alto
0.9723158,1,alto
0.04300436,0,baixo
0.006832136,0,baixo
0.88113475,1,alto
0.0024610185,0,baixo
0.014794406,0,baixo
0.15347385,0,baixo
0.9877263,1,alto
0.0012127149,0,baixo
0.98366886,1,alto
0.0030742898,0,baixo
0.12875006,0,baixo
0.99678886,1,alto
0.6232929,1,medio
0.8622795,1,alto
0.98281926,1,alto
0.02510969,0,baixo
0.008941406,0,baixo
0.024015803,0,baixo
0.24956523,0,baixo
0.8982591,1,alto
0.88946307,1,alto
0.0014306947,0,baixo
0.99303025,1,alto
0.31891522,0,medio
0.11537359,0,baixo
0.94377434,1,alto
0.9665636,1,alto
0.99223644,1,alto
0.0019896377,0,baixo
0.010388564,0,baixo
0.46673813,0,medio
0.6685011,1,medio
0.01963218,0,baixo
0.016125606,0,baixo
0.4345659,0,medio
0.91397375,1,alto
0.038236633,0,baixo
0.0015604962,0,baixo
0.44475654,0,medio
0.7433027,1,alto
0.9870155,1,alto
0.9585,1,alto
0.963452,1,alto
0.9219342,1,alto
0.009356527,0,baixo
0.97524196,1,alto
0.9208689,1,alto
0.9076984,1,alto
0.30936214,0,medio
0.0011343586,0,baixo
0.005172965,0,baixo
0.022068176,0,baixo
0.99424696,1,alto
0.7061007,1,alto
0.010034344,0,baixo
0.9829153,1,alto
0.9970329,1,alto
0.0028792692,0,baixo
0.196551,0,baixo
0.9715668,1,alto
0.35018098,0,medio
0.96191293,1,alto
0.07208463,0,baixo
0.66526663,1,medio
0.022551881,0,baixo
0.93558544,1,alto
0.001330574,0,baixo
0.7739085,1,alto
0.84265953,1,alto
0.06810255,0,baixo
0.21096049,0,baixo
0.9975579,1,alto
0.047011714,0,baixo
0.9335284,1,alto
0.0023089536,0,baixo
0.0016370651,0,baixo
0.04263763,0,baixo
0.41206548,0,medio
0.24666741,0,baixo
0.14286117,0,baixo
0.97778815,1,alto
0.002077823,0,baixo
0.26915115,0,baixo
0.9356346,1,alto
0.0039568427,0,baixo
0.55435085,1,medio
0.3190385,0,medio
0.96327555,1,alto
0.1645825,0,baixo
0.9939965,1,alto
0.9945608,1,alto
0.34545797,0,medio
0.30530617,0,medio
0.0011327853,0,baixo
0.8531804,1,alto
0.69442475,1,medio
0.9272428,1,alto
0.26143643,0,baixo
0.92739,1,alto
0.9281819,1,alto
0.0023079826,0,baixo
0.965998,1,alto
0.74310094,1,alto
0.123261794,0,baixo
0.40276387,0,medio
0.9976399,1,alto
0.6311684,1,medio
0.45299733,0,medio
0.89831495,1,alto
0.9856883,1,alto
0.0071424576,0,baixo
0.97594494,1,alto
0.017544815,0,baixo
0.8912325,1,alto
0.5057672,1,medio
0.3715344,0,medio
0.0034982786,0,baixo
0.0031224994,0,baixo
0.06879077,0,baixo
0.71149915,1,alto
0.9737179,1,alto
0.97246146,1,alto
0.015379913,0,baixo
0.922714,1,alto
0.9932075,1,alto
0.020333992,0,baixo
0.16748075,0,baixo
0.8922203,1,alto
0.9457129,1,alto
0.76844215,1,alto
0.005252121,0,baixo
0.90945625,1,alto
0.015585007,0,baixo
0.99431145,1,alto
0.001294331,0,baixo
0.3532481,0,medio
0.93909913,1,alto
0.89700675,1,alto
0.03656829,0,baixo
0.67265975,1,medio
0.8947263,1,alto
0.79508424,1,alto
0.656166,1,medio
0.00084436033,0,baixo
0.0048814085,0,baixo
0.19131315,0,baixo
0.9908557,1,alto
0.9978822,1,alto
0.88190687,1,alto
0.4352275,0,medio
0.7877679,1,alto
0.97438383,1,alto
0.0009989039,0,baixo
0.0015227593,0,baixo
0.880271,1,alto
0.006420913,0,baixo
0.002151117,0,baixo
0.0036794108,0,baixo
0.28813922,0,baixo
0.04096129,0,baixo
0.37293395,0,medio
0.79391205,1,alto
0.0054648127,0,baixo
0.0047204657,0,baixo
0.088268295,0,baixo
0.67286956,1,medio
0.96411896,1,alto
0.010120815,0,baixo
0.10118321,0,baixo
0.003911385,0,baixo
0.9638675,1,alto
0.7931153,1,alto
0.010711297,0,baixo
0.13841122,0,baixo
0.95967066,1,alto
0.01095224,0,baixo
0.71279097,1,alto
0.0022632538,0,baixo
0.9715091,1,alto
0.26843533,0,baixo
0.041844696,0,baixo
0.32438064,0,medio
0.88233566,1,alto
0.9932203,1,alto
0.029640632,0,baixo
0.0031878795,0,baixo
0.0014814558,0,baixo
0.03115525,0,baixo
0.7755464,1,alto
0.004320883,0,baixo
0.89522153,1,alto
0.9824101,1,alto
0.93797165,1,alto
0.97686267,1,alto
0.9928519,1,alto
0.9663165,1,alto
0.0020106626,0,baixo
0.5156374,1,medio
0.99416804,1,alto
0.8822291,1,alto
0.022633249,0,baixo
0.9271104,1,alto
0.0005468055,0,baixo
0.95987743,1,alto
0.092578396,0,baixo
0.8871417,1,alto
0.98644364,1,alto
0.83418155,1,alto
0.07576377,0,baixo
0.14272693,0,baixo
0.87796116,1,alto
0.0559812,0,baixo
0.9034253,1,alto
0.9063362,1,alto
0.9373555,1,alto
0.94921696,1,alto
0.002656841,0,baixo
0.05399314,0,baixo
0.98015106,1,alto
0.11480664,0,baixo
0.0050123483,0,baixo
0.73979056,1,alto
0.62035197,1,medio
0.92725337,1,alto
0.044929516,0,baixo
0.04819954,0,baixo
0.09023666,0,baixo
0.07321605,0,baixo
0.55155194,1,medio
0.003271976,0,baixo
0.024404071,0,baixo
0.012848716,0,baixo
0.5868593,1,medio
0.028547483,0,baixo
0.6527588,1,medio
0.94756585,1,alto
0.15863754,0,baixo
0.04723586,0,baixo
0.8867945,1,alto
0.9905618,1,alto
0.0066831005,0,baixo
0.009370499,0,baixo
0.7524674,1,alto
0.996958,1,alto
0.93744516,1,alto
0.37498647,0,medio
0.9862546,1,alto
0.97767377,1,alto
0.84661984,1,alto
0.01337588,0,baixo
0.91693455,1,alto
0.5630782,1,medio
0.19667508,0,baixo
0.9803185,1,alto
0.001845,0,baixo
0.60535145,1,medio
0.85373455,1,alto
0.8111194,1,alto
0.87324584,1,alto
0.9950427,1,alto
0.49784502,0,medio
0.91397375,1,alto
0.9343663,1,alto
0.98654455,1,alto
0.018353919,0,baixo
0.97172314,1,alto
0.33414173,0,medio
0.0015862286,0,baixo
0.9973916,1,alto
0.006624091,0,baixo
0.34702995,0,medio
0.9775689,1,alto
0.6129344,1,medio
0.93355894,1,alto
0.9880378,1,alto
0.9963966,1,alto
0.90326846,1,alto
0.9903786,1,alto
0.11845609,0,baixo
0.86344105,1,alto
0.10507343,0,baixo
0.11390811,0,baixo
0.004408108,0,baixo
0.050692894,0,baixo
0.012650678,0,baixo
0.008408961,0,baixo
0.022830356,0,baixo
0.02884042,0,baixo
0.24022348,0,baixo
0.026635095,0,baixo
0.93728596,1,alto
0.0040025907,0,baixo
0.9837704,1,alto
0.9778365,1,alto
0.0018987671,0,baixo
0.9976858,1,alto
0.9704592,1,alto
0.99755436,1,alto
0.42956746,0,medio
0.020049188,0,baixo
0.005030726,0,baixo
0.98698145,1,alto
0.017290661,0,baixo
0.99675107,1,alto
0.6326655,1,medio
0.35018098,0,medio
0.9050017,1,alto
